name,family,hyp_id,obs_minute,direction,n_full,er_full,pf_full,wr_full,n_train,er_train,n_test,er_test,pf_test,wr_test,dsr_test,oos_positive
vwap_reclaim_90_rr1.5_sm0.75,vwap,81ed4f66795b,90,long,205,0.05324523182065734,1.3354347296093563,0.624390243902439,133,0.032186573365767704,72,0.09214525368871732,1.8175280554232462,0.6666666666666666,0.21326564149747024,True
vwap_reclaim_90_rr2.0_sm0.75,vwap,3b1312bced6b,90,long,205,0.05324523182065734,1.3354347296093563,0.624390243902439,133,0.032186573365767704,72,0.09214525368871732,1.8175280554232462,0.6666666666666666,0.21326564149747024,True
vwap_reclaim_90_rr1.0_sm0.75,vwap,76dc328d4fd8,90,long,205,0.051569616487469494,1.3248786749731347,0.624390243902439,133,0.03177670331124699,72,0.0881315255491027,1.7819175901022475,0.6666666666666666,0.202339710345324,True
gap_rev_dn_g0.3_30,gap,5145205f6f58,30,long,223,0.03352472663674606,1.1869548434276787,0.5605381165919282,155,0.011886862920653387,68,0.08284632775431022,1.5105211935692486,0.5882352941176471,0.10333056471668561,True
gap_rev_dn_g0.5_90,gap,5514cd322d62,90,long,125,0.03191277950930641,1.1716509058899445,0.52,87,0.010622128673604753,38,0.08065716431736021,1.5478913986795235,0.5526315789473685,0.060470682090530914,True
vwap_reclaim_90,vwap,968743a976b3,90,long,205,0.042039776058286384,1.3588471629914332,0.6292682926829268,133,0.023437857099437166,72,0.07640165413504955,1.9891293810893977,0.6666666666666666,0.28863337682087076,True
vwap_reclaim_90_rr1.0_sm1.0,vwap,3b26ee8271f1,90,long,205,0.04337526491749772,1.3702467572154888,0.6292682926829268,133,0.025496317371153886,72,0.07640165413504955,1.9891293810893977,0.6666666666666666,0.28863337682087076,True
vwap_reclaim_90_rr1.5_sm1.0,vwap,32f5a8082678,90,long,205,0.042039776058286384,1.3588471629914332,0.6292682926829268,133,0.023437857099437166,72,0.07640165413504955,1.9891293810893977,0.6666666666666666,0.28863337682087076,True
vwap_reclaim_90_rr2.0_sm1.0,vwap,30f0a8332c32,90,long,205,0.042039776058286384,1.3588471629914332,0.6292682926829268,133,0.023437857099437166,72,0.07640165413504955,1.9891293810893977,0.6666666666666666,0.28863337682087076,True
gap_fade_up_g0.5_90,gap,997d2152d79a,90,short,149,0.03425222512485661,1.1924112917117273,0.42953020134228187,90,0.01045458662732432,59,0.07055370757871947,1.44420582459871,0.4745762711864407,0.06471971219787653,True
pullback_up_90_rr1.5_sm0.75,pullback,494c1279cf1b,90,long,706,0.03612111695502666,1.2084759611183422,0.5779036827195467,475,0.020248654973726892,231,0.06875929635380325,1.4133477322802213,0.6017316017316018,0.2752656376259277,True
pullback_up_90_rr2.0_sm0.75,pullback,3bf09c9d8db8,90,long,706,0.03626320801741003,1.2092960512288884,0.5779036827195467,475,0.02056691686188253,231,0.06853913138916573,1.4120242066817015,0.6017316017316018,0.2738960398588264,True
pullback_up_90_rr1.0_sm0.75,pullback,bd7796c4494b,90,long,706,0.035925277084432376,1.2075190053596743,0.5793201133144475,475,0.022726274789977574,231,0.063066082668268,1.3791228770083777,0.6017316017316018,0.24237099735015727,True
pullback_up_90,pullback,470dc3cb9a37,90,long,706,0.028870096121038743,1.2249598309299088,0.5793201133144475,475,0.01682164026073183,231,0.05364505947015468,1.4378480996048768,0.6017316017316018,0.2988366991598793,True
pullback_up_90_rr1.5_sm1.0,pullback,e4d0a4c6d821,90,long,706,0.028870096121038743,1.2249598309299088,0.5793201133144475,475,0.01682164026073183,231,0.05364505947015468,1.4378480996048768,0.6017316017316018,0.2988366991598793,True
pullback_up_90_rr2.0_sm1.0,pullback,ca976bb2037c,90,long,706,0.028870096121038743,1.2249598309299088,0.5793201133144475,475,0.01682164026073183,231,0.05364505947015468,1.4378480996048768,0.6017316017316018,0.2988366991598793,True
pullback_up_90_rr1.0_sm1.0,pullback,f5c646989ac2,90,long,706,0.028720949420317592,1.2237976589566215,0.5793201133144475,475,0.017572290469505362,231,0.05164568102913063,1.4215292799514025,0.6017316017316018,0.2816759574870213,True
mom_dn_m0.003_60,momentum,8a3e42c2dd30,60,short,384,0.0357462263395167,1.205896110179762,0.5208333333333334,257,0.02946094160378813,127,0.0484652671039438,1.2993247296232178,0.5118110236220472,0.07787909146319058,True
mom_dn_m0.004_60,momentum,12c6efbb0114,60,short,259,0.02096895489052834,1.107344252307413,0.5057915057915058,178,0.011415738504514673,81,0.04196244275115098,1.230249127925489,0.49382716049382713,0.03320357650274695,True
pdh_accept_90,levels,e6bce0d85e3b,90,long,381,0.027619607646870777,1.2368360623084116,0.5931758530183727,270,0.023831046553635722,111,0.03683502652230738,1.2888776228650216,0.5945945945945946,0.0539695579500445,True
pdh_accept_60,levels,1a398aa3321b,60,long,392,0.02704447223976851,1.2092766024599548,0.5561224489795918,278,0.023448201395836355,114,0.03581432570128725,1.2448269311015345,0.5701754385964912,0.04591664073138014,True
ib_compress_up_q0.4,ib,4b2819b9956a,90,long,238,0.01184673037408466,1.1301348324380518,0.5504201680672269,168,0.0023459365475316345,70,0.03464863555781191,1.4074090767978857,0.6,0.05335104179828166,True
ib_compress_up_q0.6,ib,23471defa943,90,long,510,0.023852798556108622,1.2243644876444757,0.5803921568627451,348,0.02021288652710901,162,0.031671868840626304,1.2800042202002213,0.6049382716049383,0.07609281160128283,True
pullback_dn_60,pullback,e6cc8034a5a1,60,short,717,0.00940121463448726,1.053834918419836,0.46443514644351463,490,0.0015090198298975414,227,0.02643722985144304,1.1717329175182802,0.4889867841409692,0.04752852585655253,True
gap_cont_up_g0.3_90,gap,a67589b38c0a,90,long,322,0.046734321220330374,1.3942351757226834,0.6273291925465838,222,0.0568957019733915,100,0.024176055948534687,1.1597823491633026,0.62,0.02216288413049296,True
mom_dn_m0.002_60,momentum,efb3f729b9cb,60,short,535,0.01232108219281632,1.0692243841251137,0.4803738317757009,352,0.007890230018402127,183,0.020843814244148544,1.126797467080601,0.47540983606557374,0.025653328007296455,True
pdh_reject_30,levels,4cd493246a51,30,short,280,0.02317701571496049,1.1591111952642195,0.4785714285714286,187,0.024474640318831373,93,0.02056781355448892,1.1412208440281002,0.4838709677419355,0.017586566067933875,True
pdh_accept_30,levels,671da69b345a,30,long,438,0.03334248716636201,1.2375194918355996,0.5593607305936074,303,0.04211348704668839,135,0.013656465212740587,1.0824203235898646,0.5333333333333333,0.012908841566394963,True
gap_fade_up_g0.5_30,gap,cd381d4e49b8,30,short,130,0.01551433664868741,1.0841947547513868,0.46923076923076923,78,0.01802660322820801,52,0.011745936779406505,1.0678463063143568,0.5192307692307693,0.008316343955170466,True
gap_cont_dn_g0.5_30,gap,0ac0e15b4904,30,short,124,0.04927909295307163,1.2329221386748659,0.532258064516129,78,0.07282870822961832,46,0.009347136614579416,1.04187333230626,0.5652173913043478,0.006914760377104117,True
ib_wide_dn_q1.5,ib,cc8effb13f58,90,short,11,-0.22022097138878766,0.4843946965505187,0.36363636363636365,10,-0.31114087649308786,1,0.6889780796542143,inf,1.0,,False
volorb_up_0.2_0.6,volatility,f317cba6b6e7,30,long,12,0.17781251133725626,3.104179107638882,0.6666666666666666,10,0.11964812314510442,2,0.46863445229801526,inf,1.0,,False
gap_rev_dn_g0.5_30,gap,2055bfab834d,30,long,117,0.09505085675763847,1.5444063469679987,0.5726495726495726,91,0.05948567374659093,26,0.21952899729630485,2.4852365397746836,0.6538461538461539,0.2121616567136329,False
pdl_reject_30,levels,0d93e696c54b,30,long,191,0.007003559629128287,1.0450858039333135,0.5445026178010471,135,-0.028520696716037023,56,0.09264239188979466,1.776803231295611,0.5892857142857143,0.15889292456373322,False
gap_cont_dn_g0.5_90,gap,2d934f417a07,90,short,116,-0.018490725304787407,0.9133901320969066,0.4827586206896552,82,-0.05447440043484247,34,0.06829343236181595,1.5719568379872928,0.6176470588235294,0.07027595300332498,False
vwap_reclaim_60,vwap,7d674f80ba68,60,long,284,-0.03413838874039197,0.7750308791820323,0.46830985915492956,207,-0.06678583446717115,77,0.05362812120043003,1.4393190958269289,0.6363636363636364,0.08228869686291646,False
pdl_reject_90,levels,c4e5a2415d24,90,long,178,-0.0019073746213963954,0.9864341834285666,0.5056179775280899,112,-0.03248325139055646,66,0.04997896171414795,1.5330486913282697,0.5757575757575758,0.0763430347640279,False
mom_up_m0.004_60,momentum,3fb53f740f51,60,long,222,-0.04321885395739694,0.7870075714631941,0.5225225225225225,150,-0.08675373146584339,72,0.04747880751853318,1.3469787348478486,0.5972222222222222,0.054728626988276026,False
vwap_reclaim_30,vwap,98b4d0f23e52,30,long,455,0.013671443060974469,1.091081990602083,0.5252747252747253,303,-0.002356229823088823,152,0.04562134361275853,1.329064883926962,0.5394736842105263,0.10274990081938096,False
gap_rev_dn_g0.3_90,gap,4d8bfa8325a7,90,long,226,0.005707333217525927,1.033139762047374,0.5132743362831859,151,-0.012004043370559853,75,0.04136623808153863,1.303963884037256,0.5333333333333333,0.04278502567719437,False
mom_up_m0.003_60,momentum,08998f54b88b,60,long,341,-0.02254618673669247,0.875917347651253,0.5542521994134897,227,-0.049897836444110506,114,0.03191718592632413,1.231464985835479,0.6140350877192983,0.04228919839653796,False
fail_brk_dn_90,failed_breakout,6fcb07922c63,90,long,4,-0.025468409890282456,0.6891536537743652,0.5,2,-0.08077926948049254,2,0.02984244969992761,1.3877135301742147,0.5,,False
pullback_up_60,pullback,725bc89374aa,60,long,835,-0.001036470999480886,0.9932255908448219,0.5341317365269461,567,-0.01323927957764165,268,0.024780665059538343,1.1851182526388593,0.5597014925373134,0.06763104533754126,False
ib_compress_dn_q0.4,ib,3e63e2621c45,90,short,173,-0.006044282105471059,0.954246638961444,0.44508670520231214,118,-0.02010574103759145,55,0.024123938876169048,1.21243161272192,0.4727272727272727,0.01670795962660512,False
mom_up_m0.002_60,momentum,95749758870c,60,long,540,-0.014856579585431974,0.9122998338204271,0.5203703703703704,358,-0.03320121121415697,182,0.021227915596345764,1.149613014009844,0.5604395604395604,0.03279780816129008,False
volorb_up_0.6_0.95,volatility,62c73d713050,30,long,78,0.043766472430874837,1.3359365272521706,0.5897435897435898,52,0.057650477971256615,26,0.015998461350111272,1.0928891813348367,0.5769230769230769,0.008243398915969466,False
gap_fade_up_g0.3_90,gap,3c71cf981605,90,short,296,-0.0018031427582829778,0.9899789936226903,0.39864864864864863,202,-0.007670580450059199,94,0.010805606324044651,1.0645011737019414,0.425531914893617,0.009384488797042269,False
pdh_reject_90,levels,745d92984bce,90,short,259,-0.024973439090067898,0.8237568856995973,0.3861003861003861,174,-0.04114405683410944,85,0.008128766644793608,1.0594085015153383,0.47058823529411764,0.008607981958509273,False
gap_cont_dn_g0.3_90,gap,b9841ecc6121,90,short,211,-0.030358276104549137,0.8503676107394862,0.4549763033175355,147,-0.043354461802825275,64,-0.0005076620788211431,0.9969997162523486,0.5,0.004852427725808989,False
ib_compress_dn_q0.6,ib,d92e53509707,90,short,378,-0.006866757271001049,0.9546664890285544,0.46296296296296297,247,-0.00958495083037202,131,-0.0017416136895916693,0.988193658194378,0.44274809160305345,0.004329115667756425,False
pdl_accept_60,levels,b6fd6f7cdf58,60,short,217,-0.032270887249709126,0.842498690467418,0.4608294930875576,139,-0.047593538909297385,78,-0.004965136215314678,0.97039503989865,0.47435897435897434,0.003593833010451225,False
pdh_reject_60,levels,f1ec2c6e340b,60,short,258,-0.031412612729945014,0.7958274865822597,0.42248062015503873,175,-0.043727220162430164,83,-0.005448078986753426,0.9584590556247666,0.4578313253012048,0.0033005314988996787,False
gap_cont_dn_g0.3_30,gap,91b86e1a6a22,30,short,213,0.04565854345493279,1.2409501024165586,0.5117370892018779,142,0.0770272064287248,71,-0.01707878249265122,0.9187050034951973,0.5352112676056338,0.002089984438313321,False
vwap_reject_30,vwap,365b49b0a5e7,30,short,397,0.024489555003167074,1.1501504080961327,0.473551637279597,264,0.04641045947518776,133,-0.019022616279640893,0.8974327683448559,0.45864661654135336,0.0011542544712625324,False
gap_cont_up_g0.5_90,gap,df396419b2c5,90,long,163,0.05442386942684313,1.4669146408763365,0.6319018404907976,112,0.08957031776896003,51,-0.02276048771662925,0.860322918880435,0.5686274509803921,0.0014345051594742164,False
gap_cont_up_g0.3_30,gap,2a38bf5c1d46,30,long,337,0.0024711381466525567,1.0141478676715223,0.543026706231454,234,0.014364072319685195,103,-0.02454776084839248,0.873455608331617,0.5048543689320388,0.0009937782414478568,False
volorb_dn_0.6_0.95,volatility,2f739c8b7aeb,30,short,41,0.01953734309688544,1.0995530378204952,0.4634146341463415,26,0.045064775835540145,15,-0.024710206983449383,0.8671356583732859,0.4,0.0025996522846398603,False
pdl_accept_30,levels,d086616e714f,30,short,214,-0.002554891425851689,0.9871850023388704,0.48130841121495327,141,0.009670536601902159,73,-0.026168389397266668,0.8741151726177806,0.4931506849315068,0.0011847952179378993,False
vwap_reject_90,vwap,805f4ab423be,90,short,231,-0.002834449228593554,0.9819826471939039,0.42857142857142855,150,0.01366963300386165,81,-0.03339756447388097,0.8105779899120318,0.41975308641975306,0.0005133354650126712,False
vwap_reject_60,vwap,de0ed6a25ece,60,short,214,-0.05161453158251798,0.715938969724211,0.40654205607476634,140,-0.06040929500135873,74,-0.03497578997930579,0.812563125499388,0.40540540540540543,0.0005722892898276643,False
gap_fade_up_g0.3_30,gap,6220768df177,30,short,281,-0.008303810275513301,0.9549513114222441,0.45195729537366547,190,0.004571867898642921,91,-0.0351870943753999,0.8093611104194215,0.4835164835164835,0.0004024247342048914,False
pdl_reject_60,levels,1b8dfad42b08,60,long,193,-0.042598750422617626,0.7556393335667009,0.5077720207253886,141,-0.04406409854667549,52,-0.03862540262469147,0.7538930256303293,0.5192307692307693,0.00047336396971109287,False
pullback_dn_90,pullback,21ce7fe23895,90,short,648,-0.007613493405709934,0.9566696289976966,0.4382716049382716,432,0.009978878924928446,216,-0.04279823806698669,0.7726408299878955,0.41203703703703703,2.6872891889959486e-05,False
pdl_accept_90,levels,e22afbae2877,90,short,256,-0.01775822561246499,0.9089495044646595,0.453125,180,-0.0063922177895772096,76,-0.04467771782456763,0.7719595639768293,0.47368421052631576,0.00024274197871236935,False
ib_wide_dn_q1.2,ib,4522ecb41f88,90,short,30,-0.0027513187147999345,0.9901974354166562,0.5333333333333333,22,0.01334777733423847,8,-0.04702383284965553,0.7802594253744456,0.5,,False
ib_wide_up_q1.2,ib,f79a17c6f45b,90,long,25,-0.13614019697515478,0.5959356477533256,0.48,20,-0.14767802109982725,5,-0.0899889004764649,0.5883559248508209,0.4,,False
gap_cont_up_g0.5_30,gap,9506d5994aaf,30,long,182,-0.022633241640591887,0.8829927246913145,0.5439560439560439,124,0.024473240058313837,58,-0.12334365078997651,0.48703880829444834,0.46551724137931033,4.217723962247395e-06,False
onpos_high_0.8_90_sm1.0,overnight,5ab3fe45f185,90,long,527,-0.20561621128422947,0.16277564170666772,0.3111954459203036,374,-0.20547365645876567,153,-0.20596467863536327,0.184848508663358,0.33986928104575165,1.0900555418128843e-19,False
onpos_high_0.9_90_sm1.0,overnight,e7491ce8e2db,90,long,341,-0.254582902077222,0.09772269857418844,0.22580645161290322,235,-0.2585333788506409,106,-0.24582476960784977,0.12950341962685344,0.2830188679245283,1.5080826113354647e-18,False
onpos_low_0.8_90_sm1.0,overnight,f9da39c7759c,90,short,479,-0.2491367167528531,0.13509705871340352,0.22338204592901878,323,-0.2500861935281994,156,-0.24717081291671925,0.11614041092834132,0.22435897435897437,2.925827787405998e-28,False
onpos_high_0.8_30_sm1.0,overnight,32fae34cbede,30,long,511,-0.27022470250794905,0.1300781369200984,0.2622309197651663,351,-0.277258470771107,160,-0.2547943733806462,0.1582001275874887,0.25,2.8266933352997316e-23,False
onpos_high_0.8_30_rr1.0_sm1.0,overnight,5da82ff40f03,30,long,511,-0.2623287509269398,0.1446270857658312,0.26614481409001955,351,-0.2657632250221164,160,-0.2547943733806462,0.1582001275874887,0.25,2.8266933352997316e-23,False
onpos_high_0.8_30_rr1.5_sm1.0,overnight,d75b2f6f40f6,30,long,511,-0.27022470250794905,0.1300781369200984,0.2622309197651663,351,-0.277258470771107,160,-0.2547943733806462,0.1582001275874887,0.25,2.8266933352997316e-23,False
onpos_high_0.8_30_rr2.0_sm1.0,overnight,1b214c93e0c9,30,long,511,-0.27022470250794905,0.1300781369200984,0.2622309197651663,351,-0.277258470771107,160,-0.2547943733806462,0.1582001275874887,0.25,2.8266933352997316e-23,False
onpos_low_0.8_30_sm1.0,overnight,360cdcf00c6a,30,short,416,-0.2663627076731366,0.12605735217530364,0.2091346153846154,284,-0.2695913322103385,132,-0.259416273062793,0.11499637114798113,0.2196969696969697,2.893195509189601e-26,False
onpos_high_0.8_90_sm0.75,overnight,8e1462c61c82,90,long,527,-0.26726386775190786,0.16627476660321452,0.3111954459203036,374,-0.26680248786860283,153,-0.26839168524443135,0.18833001390861523,0.33986928104575165,1.4623296236488115e-20,False
onpos_low_0.9_30_sm1.0,overnight,ce60263050b7,30,short,268,-0.29019992186408955,0.09855909148450435,0.19029850746268656,185,-0.2981204649318667,83,-0.27254569936362216,0.090124585600322,0.20481927710843373,1.8079469922275573e-20,False
onpos_low_0.9_90_sm1.0,overnight,915c92b3ed2e,90,short,341,-0.29154612387907713,0.09393463916247355,0.187683284457478,233,-0.28927333199905436,108,-0.2964494619165338,0.07183869017328592,0.19444444444444445,1.7552865747377494e-26,False
onpos_high_0.8_30_rr1.0_sm0.75,overnight,8652b0493154,30,long,511,-0.3324238015423835,0.15421653278399194,0.26614481409001955,351,-0.34291975925520535,160,-0.3093982943098804,0.17138980727238126,0.25,5.303189047519988e-24,False
onpos_high_0.9_30_sm1.0,overnight,b8b0e3f01c6a,30,long,304,-0.2992800330644794,0.09974232335891588,0.20394736842105263,210,-0.2947050497595815,94,-0.30950074044776205,0.10185423229133743,0.20212765957446807,1.9683836151814156e-19,False
onpos_high_0.8_30_sm0.75,overnight,9acc6fb79e2f,30,long,511,-0.3460414143886682,0.1338261880071926,0.2583170254403131,351,-0.36267598887252217,160,-0.30954931661471313,0.17098534925365572,0.25,4.873742443507408e-24,False
onpos_high_0.8_30_rr1.5_sm0.75,overnight,00f6a1f28ae0,30,long,511,-0.3460414143886682,0.1338261880071926,0.2583170254403131,351,-0.36267598887252217,160,-0.30954931661471313,0.17098534925365572,0.25,4.873742443507408e-24,False
onpos_high_0.8_30_rr2.0_sm0.75,overnight,996264477294,30,long,511,-0.3460414143886682,0.1338261880071926,0.2583170254403131,351,-0.36267598887252217,160,-0.30954931661471313,0.17098534925365572,0.25,4.873742443507408e-24,False
onpos_high_0.9_90_sm0.75,overnight,675bde82d1b5,90,long,341,-0.33159632760972374,0.09980458089351255,0.22580645161290322,235,-0.34027088113261333,106,-0.3123650061202988,0.13502648971544096,0.2830188679245283,1.854526121565078e-19,False
onpos_low_0.8_90_sm0.75,overnight,7437de575dbb,90,short,479,-0.31648579873836885,0.1427239053888292,0.22129436325678498,323,-0.31453728494974154,156,-0.32052022151866805,0.1190264397020725,0.22435897435897437,5.072095234986318e-29,False
onpos_low_0.8_30_sm0.75,overnight,ddb36dd73b21,30,short,416,-0.3561837695877923,0.12036544180852816,0.20432692307692307,284,-0.3629141259143212,132,-0.34170330597616966,0.11287278202554155,0.21212121212121213,7.2413419825203635e-28,False
onpos_high_0.9_30_sm0.75,overnight,d085a5041cbb,30,long,304,-0.3715753129543846,0.10633079638152369,0.20394736842105263,210,-0.3757917160038362,94,-0.36215568912050305,0.1144347523602536,0.20212765957446807,3.44876822707712e-20,False
onpos_low_0.9_30_sm0.75,overnight,30b0a4b9d743,30,short,268,-0.3924461655960116,0.08921817375170163,0.1828358208955224,185,-0.40356902310593157,83,-0.36765425427872,0.08387451311924785,0.1927710843373494,6.832739137833118e-22,False
onpos_low_0.9_90_sm0.75,overnight,b525ea4ca2a8,90,short,341,-0.3723538104387592,0.09890405859550437,0.18475073313782991,233,-0.36605645984374197,108,-0.3859397612594908,0.07344716117832842,0.19444444444444445,2.664783997393341e-27,False
ib_wide_up_q1.5,ib,da54239b2750,90,long,9,-0.503579060560887,0.11553035752140955,0.3333333333333333,7,-0.4963106213463003,2,-0.5290185978119407,0.0,0.0,,False
volorb_dn_0.2_0.6,volatility,0e9fca4536be,30,short,12,-0.21232673937976457,0.2489691658362348,0.25,11,-0.14019610761785165,1,-1.0057636887608068,0.0,0.0,,False
vwap_ext_long_e1.5_30,vwap,33537dd6146f,30,long,0,,,,0,,0,,,,,False
vwap_ext_short_e1.5_30,vwap,e9e3612070a8,30,short,0,,,,0,,0,,,,,False
vwap_ext_long_e2.0_30,vwap,f9ddca9df5ab,30,long,0,,,,0,,0,,,,,False
vwap_ext_short_e2.0_30,vwap,611e6564dcab,30,short,0,,,,0,,0,,,,,False
vwap_ext_long_e1.5_60,vwap,f8155e227c57,60,long,0,,,,0,,0,,,,,False
vwap_ext_short_e1.5_60,vwap,039de33d5829,60,short,0,,,,0,,0,,,,,False
vwap_ext_long_e2.0_60,vwap,25b8407bfd2d,60,long,0,,,,0,,0,,,,,False
vwap_ext_short_e2.0_60,vwap,249deb0108fa,60,short,0,,,,0,,0,,,,,False
vwap_ext_long_e1.5_90,vwap,143d307c75d0,90,long,0,,,,0,,0,,,,,False
vwap_ext_short_e1.5_90,vwap,1c9aa23040cb,90,short,0,,,,0,,0,,,,,False
vwap_ext_long_e2.0_90,vwap,5bc8f61d8c4e,90,long,0,,,,0,,0,,,,,False
vwap_ext_short_e2.0_90,vwap,f99d208e0b3e,90,short,0,,,,0,,0,,,,,False
mom_up_m0.002_30,momentum,23564bbcb153,30,long,0,,,,0,,0,,,,,False
mom_dn_m0.002_30,momentum,263e97794d26,30,short,0,,,,0,,0,,,,,False
mom_up_m0.003_30,momentum,373374cf68c1,30,long,0,,,,0,,0,,,,,False
mom_dn_m0.003_30,momentum,c9c58ab99d49,30,short,0,,,,0,,0,,,,,False
mom_up_m0.004_30,momentum,71a3e1dd5016,30,long,0,,,,0,,0,,,,,False
mom_dn_m0.004_30,momentum,131949b3f0a3,30,short,0,,,,0,,0,,,,,False
fail_brk_up_30,failed_breakout,ac1f164b3573,30,short,0,,,,0,,0,,,,,False
fail_brk_dn_30,failed_breakout,cc5f4c10397b,30,long,0,,,,0,,0,,,,,False
fail_brk_up_90,failed_breakout,60a281876a44,90,short,0,,,,0,,0,,,,,False
pullback_up_30,pullback,e2e105e4ac9a,30,long,0,,,,0,,0,,,,,False
pullback_dn_30,pullback,18b2acbd2625,30,short,0,,,,0,,0,,,,,False
