entry,exit,stop_price,target_price,r_multiple_gross,exit_reason,hold_min,trade_date,obs_minute,stop_points,r_net,fold_test_end
8848.25,8845.25,8785.267857142857,8942.723214285714,-0.04763254890842076,time,240,2020-01-02 00:00:00-05:00,30,62.982142857142854,-0.05954068613552595,2021-01-01
8890.75,8935.5,8820.410714285714,8996.25892857143,0.6362020817466363,time,240,2020-01-08 00:00:00-05:00,30,70.33928571428571,0.6255394770246256,2021-01-01
9030.0,9011.25,8948.785714285714,9151.82142857143,-0.23087071240105542,time,240,2020-01-10 00:00:00-05:00,30,81.21428571428571,-0.24010554089709762,2021-01-01
9158.25,9159.0,9065.660714285714,9297.13392857143,0.008100289296046288,time,240,2020-01-17 00:00:00-05:00,30,92.58928571428571,0.0,2021-01-01
9239.75,9230.25,9154.357142857143,9367.839285714286,-0.11125052279381013,time,240,2020-01-22 00:00:00-05:00,30,85.39285714285714,-0.12003345880384778,2021-01-01
9269.25,9191.05357142857,9191.30357142857,9386.169642857143,-1.0032073310423926,stop,128,2020-01-24 00:00:00-05:00,30,77.94642857142857,-1.0128293241695403,2021-01-01
9018.5,9104.0,8925.625,9157.8125,0.9205921938088829,time,240,2020-01-28 00:00:00-05:00,30,92.875,0.9125168236877523,2021-01-01
9397.0,9352.5,9272.30357142857,9584.044642857143,-0.35686667621366175,time,240,2020-02-05 00:00:00-05:00,30,124.69642857142857,-0.3628812831161392,2021-01-01
9661.5,9666.25,9532.857142857143,9854.464285714286,0.03692393114936147,session_end,179,2020-02-17 00:00:00-05:00,30,128.64285714285714,0.031093836757357024,2021-01-01
7851.499999999999,7951.250000000001,7443.749999999999,8463.124999999998,0.2446351931330519,time,240,2020-04-06 00:00:00-04:00,30,407.7499999999996,0.2427958307786681,2021-01-01
8308.75,8246.5,7949.089285714286,8848.24107142857,-0.17307978749813832,time,240,2020-04-09 00:00:00-04:00,30,359.6607142857139,-0.17516508614269422,2021-01-01
8590.0,8676.25,8269.035714285714,9071.446428571428,0.26872148659174394,time,240,2020-04-14 00:00:00-04:00,30,320.9642857142853,0.2663847780126853,2021-01-01
8823.25,8731.25,8542.964285714286,9243.67857142857,-0.3282364933741085,time,240,2020-04-17 00:00:00-04:00,30,280.28571428571394,-0.3309123343527018,2021-01-01
8723.0,8635.0,8461.392857142857,9115.410714285714,-0.3363822525597271,time,240,2020-04-23 00:00:00-04:00,30,261.6071428571428,-0.3392491467576793,2021-01-01
8865.5,8810.25,8609.410714285714,9249.63392857143,-0.21574506659228784,time,240,2020-04-27 00:00:00-04:00,30,256.0892857142857,-0.21867373265462658,2021-01-01
8957.0,8992.5,8737.142857142857,9286.785714285714,0.16146848602988953,time,240,2020-05-05 00:00:00-04:00,30,219.85714285714286,0.15805717998700453,2021-01-01
9143.0,9168.5,8929.375,9463.4375,0.11936805149210064,time,240,2020-05-08 00:00:00-04:00,30,213.625,0.11585722644821533,2021-01-01
9261.25,9346.25,9044.785714285714,9585.94642857143,0.39267447615904966,time,240,2020-05-18 00:00:00-04:00,30,216.46428571428572,0.38920970136941097,2021-01-01
9371.75,9404.75,9157.785714285714,9692.69642857143,0.1542313470205308,time,240,2020-05-19 00:00:00-04:00,30,213.96428571428572,0.15072608913370056,2021-01-01
9461.25,9461.75,9263.0,9758.625,0.0025220680958385876,time,240,2020-05-20 00:00:00-04:00,30,198.25,-0.0012610340479192938,2021-01-01
9697.25,9681.75,9520.142857142857,9962.910714285714,-0.08751764468642871,time,240,2020-06-03 00:00:00-04:00,30,177.10714285714286,-0.09175236942932043,2021-01-01
10058.25,10039.0,9896.339285714286,10301.11607142857,-0.11889268776883204,time,240,2020-06-10 00:00:00-04:00,30,161.91071428571428,-0.12352487040917615,2021-01-01
10184.25,10271.25,9975.214285714286,10497.80357142857,0.41619682214249104,time,240,2020-06-23 00:00:00-04:00,30,209.03571428571428,0.41260891850333165,2021-01-01
10023.75,10062.75,9786.80357142857,10379.169642857143,0.16459416685507572,time,240,2020-06-30 00:00:00-04:00,30,236.94642857142858,0.16142889441555502,2021-01-01
10413.5,10383.25,10196.857142857143,10738.464285714286,-0.13963072865150017,time,240,2020-07-02 00:00:00-04:00,30,216.64285714285714,-0.1430926475436861,2021-01-01
10519.75,10559.5,10337.035714285714,10793.82142857143,0.21755277560594213,time,240,2020-07-06 00:00:00-04:00,30,182.71428571428572,0.21344800625488664,2021-01-01
10731.5,10684.5,10535.19642857143,11025.955357142857,-0.23942508869280452,time,240,2020-07-09 00:00:00-04:00,30,196.30357142857142,-0.24324570181024288,2021-01-01
10825.0,10756.25,10578.0,11195.5,-0.2783400809716599,time,240,2020-07-31 00:00:00-04:00,30,247.0,-0.2813765182186235,2021-01-01
11032.5,11035.5,10805.94642857143,11372.330357142857,0.013241901158666351,time,240,2020-08-03 00:00:00-04:00,30,226.55357142857142,0.009931425868999763,2021-01-01
11109.5,11118.0,10902.535714285714,11419.94642857143,0.041069887834339944,time,240,2020-08-05 00:00:00-04:00,30,206.96428571428572,0.03744607420189818,2021-01-01
11215.25,11202.75,11018.80357142857,11509.919642857143,-0.06363057903826924,time,240,2020-08-13 00:00:00-04:00,30,196.44642857142858,-0.0674484137805654,2021-01-01
11264.25,11276.25,11084.42857142857,11533.982142857143,0.06673286991062562,time,240,2020-08-17 00:00:00-04:00,30,179.82142857142858,0.06256206554121152,2021-01-01
11342.0,11371.5,11162.589285714286,11611.11607142857,0.16442719219667562,time,240,2020-08-18 00:00:00-04:00,30,179.41071428571428,0.16024683985269234,2021-01-01
11656.25,11603.25,11485.67857142857,11912.107142857143,-0.31072026800670016,time,240,2020-08-24 00:00:00-04:00,30,170.57142857142858,-0.31511725293132326,2021-01-01
11786.5,11944.75,11603.142857142857,12061.535714285714,0.8630697312037398,time,240,2020-08-26 00:00:00-04:00,30,183.35714285714286,0.8589793533307363,2021-01-01
12035.5,12133.75,11858.375,12301.1875,0.5546930134086098,time,240,2020-08-31 00:00:00-04:00,30,177.125,0.5504587155963303,2021-01-01
11285.75,11228.0,10952.875,11785.0625,-0.1734885467517837,time,240,2020-09-14 00:00:00-04:00,30,332.875,-0.17574164476154713,2021-01-01
11468.0,11449.75,11126.660714285714,11980.00892857143,-0.05346586450431598,time,240,2020-09-15 00:00:00-04:00,30,341.3392857142857,-0.05566309181271253,2021-01-01
11006.25,11113.25,10625.517857142857,11577.348214285714,0.28103747479011304,time,240,2020-09-22 00:00:00-04:00,30,380.73214285714283,0.27906758594812625,2021-01-01
11273.75,11322.5,10935.75,11780.75,0.14423076923076922,time,240,2020-09-28 00:00:00-04:00,30,338.0,0.1420118343195266,2021-01-01
11418.0,11498.5,11118.17857142857,11867.732142857143,0.2684931506849315,time,240,2020-09-30 00:00:00-04:00,30,299.82142857142856,0.2659916617033949,2021-01-01
11542.75,11506.0,11266.214285714286,11957.55357142857,-0.13289422704378148,time,240,2020-10-08 00:00:00-04:00,30,276.5357142857143,-0.13560635412630764,2021-01-01
11887.75,12139.5,11641.857142857143,12256.589285714286,1.0238198983297022,time,240,2020-10-12 00:00:00-04:00,30,245.89285714285714,1.0207697893972403,2021-01-01
11961.75,11933.25,11727.375,12313.3125,-0.1216,time,240,2020-10-16 00:00:00-04:00,30,234.375,-0.1248,2021-01-01
11644.25,11784.75,11380.982142857143,12039.151785714286,0.5336769992538831,time,240,2020-11-04 00:00:00-05:00,30,263.26785714285717,0.530828189649325,2021-01-01
11966.0,11970.5,11650.94642857143,12438.580357142857,0.014283285155585784,time,240,2020-11-16 00:00:00-05:00,30,315.05357142857144,0.01190273762965482,2021-01-01
12249.0,12272.75,12059.839285714286,12532.74107142857,0.12555461153591996,session_end,194,2020-11-27 00:00:00-05:00,30,189.16071428571428,0.12158972906636459,2021-01-01
12390.5,12491.75,12230.125,12631.0625,0.6313328137178488,time,240,2020-12-01 00:00:00-05:00,30,160.375,0.6266562743569758,2021-01-01
12495.25,12469.5,12340.767857142857,12726.973214285714,-0.16668593226216621,time,240,2020-12-03 00:00:00-05:00,30,154.48214285714286,-0.17154086232805454,2021-01-01
12584.75,12563.5,12438.607142857143,12803.964285714286,-0.145405669599218,time,240,2020-12-07 00:00:00-05:00,30,146.14285714285714,-0.15053763440860216,2021-01-01
12519.75,12524.0,12353.964285714286,12768.42857142857,0.025635501938819475,time,240,2020-12-14 00:00:00-05:00,30,165.78571428571428,0.02111158983196898,2021-01-01
12740.5,12730.75,12572.05357142857,12993.169642857143,-0.057881903954203326,time,240,2020-12-17 00:00:00-05:00,30,168.44642857142858,-0.06233435810452666,2021-01-01
12749.75,12709.0,12588.232142857143,12992.026785714286,-0.25229408512990603,time,240,2020-12-22 00:00:00-05:00,30,161.51785714285714,-0.2569375345494749,2021-01-01
12798.0,12839.75,12637.69642857143,13038.455357142857,0.2604433552411719,time,240,2020-12-28 00:00:00-05:00,30,160.30357142857142,0.2557647320931269,2021-01-01
12838.5,12914.25,12679.232142857143,13077.401785714286,0.4756138580558359,time,240,2021-01-07 00:00:00-05:00,30,159.26785714285714,0.47090480995627315,2022-01-01
13019.0,13005.75,12844.910714285714,13280.13392857143,-0.07611037029438916,time,240,2021-01-08 00:00:00-05:00,30,174.08928571428572,-0.0804185044619961,2022-01-01
12884.75,12984.0,12703.410714285714,13156.75892857143,0.547316592811423,time,240,2021-01-19 00:00:00-05:00,30,181.33928571428572,0.543180699162974,2022-01-01
13164.5,13276.5,12977.214285714286,13445.42857142857,0.5980167810831427,time,240,2021-01-20 00:00:00-05:00,30,187.28571428571428,0.5940122044241039,2022-01-01
13539.0,13355.07142857143,13355.32142857143,13814.517857142857,-1.0013610733035152,stop,59,2021-01-25 00:00:00-05:00,30,183.67857142857142,-1.0054442932140732,2022-01-01
13527.5,13489.0,13291.517857142857,13881.473214285714,-0.16314793794930005,time,240,2021-02-03 00:00:00-05:00,30,235.98214285714286,-0.16632614453272798,2022-01-01
13663.5,13626.75,13422.017857142857,14025.723214285714,-0.15218516601345855,time,240,2021-02-08 00:00:00-05:00,30,241.48214285714286,-0.15529098572801892,2022-01-01
13704.0,13675.5,13469.392857142857,14055.910714285714,-0.12147967727203532,time,240,2021-02-09 00:00:00-05:00,30,234.60714285714286,-0.1246765108844573,2022-01-01
13735.75,13518.892857142857,13519.142857142857,14060.660714285714,-1.0011541632316583,stop,44,2021-02-10 00:00:00-05:00,30,216.60714285714286,-1.0046166529266294,2022-01-01
13672.25,13593.5,13496.05357142857,13936.544642857143,-0.4469443599878382,time,240,2021-02-19 00:00:00-05:00,30,176.19642857142858,-0.45120097294010336,2022-01-01
13100.25,13205.5,12846.589285714286,13480.74107142857,0.41492432242168253,time,240,2021-03-01 00:00:00-05:00,30,253.66071428571428,0.41196761703625484,2022-01-01
13225.0,13174.75,12843.464285714286,13797.30357142857,-0.13170457736590846,time,240,2021-03-16 00:00:00-04:00,30,381.5357142857143,-0.13367031732659365,2022-01-01
13052.25,13113.5,12787.19642857143,13449.830357142857,0.23108536010240516,time,240,2021-03-31 00:00:00-04:00,30,265.05357142857144,0.22825574344809,2022-01-01
13292.25,13281.25,13034.607142857143,13678.714285714286,-0.042694760188522314,time,240,2021-04-01 00:00:00-04:00,30,257.64285714285717,-0.04560576656501247,2022-01-01
13750.0,13727.75,13532.653846153846,14076.01923076923,-0.10237126172358875,time,240,2021-04-08 00:00:00-04:00,30,217.34615384615384,-0.10582197841090073,2022-01-01
13723.75,13671.25,13522.357142857143,14025.839285714286,-0.26068451853165453,time,240,2021-05-07 00:00:00-04:00,30,201.39285714285714,-0.26440858308210674,2022-01-01
13267.5,13365.5,13040.92857142857,13607.357142857143,0.43253467843631777,time,240,2021-05-14 00:00:00-04:00,30,226.57142857142858,0.4292244640605296,2022-01-01
13384.75,13479.25,13127.5,13770.625,0.3673469387755102,time,240,2021-05-20 00:00:00-04:00,30,257.25,0.3644314868804665,2022-01-01
13543.25,13446.75,13274.535714285714,13946.32142857143,-0.35911749069643806,time,240,2021-05-21 00:00:00-04:00,30,268.7142857142857,-0.36190855927698035,2022-01-01
13579.5,13657.25,13310.875,13982.4375,0.28943694741740345,time,240,2021-05-24 00:00:00-04:00,30,268.625,0.28664495114006516,2022-01-01
13722.5,13713.5,13489.107142857143,14072.589285714286,-0.038561591430757464,time,240,2021-05-28 00:00:00-04:00,30,233.39285714285714,-0.04177505738332059,2022-01-01
13722.75,13658.5,13524.714285714286,14019.80357142857,-0.32443642921550947,time,240,2021-06-01 00:00:00-04:00,30,198.03571428571428,-0.32822362488728585,2022-01-01
13699.0,13775.25,13532.232142857143,13949.151785714286,0.45722240068529824,time,240,2021-06-04 00:00:00-04:00,30,166.76785714285714,0.4527251311703609,2022-01-01
14021.5,14060.25,13895.482142857143,14210.526785714286,0.307496103159983,time,240,2021-06-14 00:00:00-04:00,30,126.01785714285714,0.3015445656794672,2022-01-01
14305.5,14278.5,14135.607142857143,14560.339285714286,-0.1589236914021442,time,240,2021-06-23 00:00:00-04:00,30,169.89285714285714,-0.1633382383855371,2022-01-01
14377.0,14356.75,14216.285714285714,14618.07142857143,-0.126,time,240,2021-06-24 00:00:00-04:00,30,160.71428571428572,-0.13066666666666665,2022-01-01
14452.0,14461.5,14299.535714285714,14680.69642857143,0.06230967439681424,time,240,2021-06-28 00:00:00-04:00,30,152.46428571428572,0.057390489576013115,2022-01-01
14753.75,14730.5,14611.05357142857,14967.794642857143,-0.16293329996245776,time,240,2021-07-06 00:00:00-04:00,30,142.69642857142858,-0.16818921286447253,2022-01-01
14836.25,14795.75,14700.732142857143,15039.526785714286,-0.2988536039003821,time,240,2021-07-07 00:00:00-04:00,30,135.51785714285714,-0.30438792989853736,2022-01-01
14914.25,14862.5,14785.92857142857,15106.732142857143,-0.4032841636515446,time,240,2021-07-13 00:00:00-04:00,30,128.32142857142858,-0.40912886167548007,2022-01-01
14586.0,14726.75,14433.80357142857,14814.294642857143,0.9247917399976533,time,240,2021-07-20 00:00:00-04:00,30,152.19642857142858,0.9198638976886072,2022-01-01
14878.5,14904.0,14708.589285714286,15133.36607142857,0.15007882291119287,time,240,2021-07-22 00:00:00-04:00,30,169.91071428571428,0.14566473988439307,2022-01-01
15056.75,15073.5,14875.785714285714,15328.19642857143,0.09255970001973535,time,240,2021-08-04 00:00:00-04:00,30,180.9642857142861,0.0884152358397472,2022-01-01
15125.0,15155.25,14949.964285714286,15387.553571428572,0.17282187308712468,time,240,2021-08-05 00:00:00-04:00,30,175.03571428571468,0.1685370332585183,2022-01-01
15147.5,15001.392857142857,15001.642857142857,15366.285714285716,-1.0017140058765905,stop,73,2021-08-10 00:00:00-04:00,30,145.85714285714326,-1.0068560235063653,2022-01-01
15041.5,15056.75,14887.339285714286,15272.74107142857,0.09892273832966532,time,240,2021-08-20 00:00:00-04:00,30,154.16071428571416,0.09405768562492768,2022-01-01
15203.75,15316.75,15045.892857142857,15440.535714285714,0.7158371040723989,time,240,2021-08-23 00:00:00-04:00,30,157.85714285714272,0.7110859728506794,2022-01-01
15529.499999999998,15608.5,15367.249999999998,15772.874999999998,0.4869029275809049,time,240,2021-08-30 00:00:00-04:00,30,162.25,0.48228043143298505,2022-01-01
15703.000000000002,15701.0,15549.035714285716,15933.946428571431,-0.012990025516133298,session_end,179,2021-09-06 00:00:00-04:00,30,153.9642857142865,-0.017861285084678855,2022-01-01
14955.5,14960.5,14684.892857142857,15361.410714285714,0.018476969776956596,time,240,2021-10-07 00:00:00-04:00,30,270.6071428571426,0.015705424310413107,2022-01-01
15078.5,15098.75,14826.535714285714,15456.44642857143,0.08036853295535078,time,240,2021-10-15 00:00:00-04:00,30,251.96428571428584,0.07739192062367112,2022-01-01
15138.249999999998,15245.25,14895.624999999998,15502.187499999998,0.44100978876868346,time,240,2021-10-18 00:00:00-04:00,30,242.625,0.4379185986604918,2022-01-01
15406.25,15358.999999999998,15184.267857142857,15739.223214285714,-0.2128549593757625,time,240,2021-10-20 00:00:00-04:00,30,221.98214285714272,-0.21623360952458398,2022-01-01
15640.000000000002,15564.25,15452.446428571431,15921.330357142859,-0.4038846043987535,time,240,2021-10-26 00:00:00-04:00,30,187.55357142857116,-0.407883461868048,2022-01-01
16246.500000000002,16344.500000000002,16074.660714285716,16504.25892857143,0.57030032214486,time,240,2021-11-04 00:00:00-04:00,30,171.8392857142861,0.5659357788631392,2022-01-01
16416.75,16349.499999999998,16234.517857142857,16690.098214285714,-0.3690347868691915,time,240,2021-11-05 00:00:00-04:00,30,182.23214285714297,-0.3731504164625281,2022-01-01
16229.500000000002,16122.25,16040.785714285716,16512.57142857143,-0.5683194549583722,time,240,2021-11-15 00:00:00-05:00,30,188.7142857142865,-0.5722937168811579,2022-01-01
16397.0,16420.5,16214.464285714284,16670.803571428572,0.12874192917237276,time,240,2021-11-18 00:00:00-05:00,30,182.53571428571507,0.12463314419878639,2022-01-01
16613.25,16575.0,16432.946428571428,16883.70535714286,-0.21214222046152217,time,240,2021-11-19 00:00:00-05:00,30,180.30357142857233,-0.21630187184312064,2022-01-01
16414.5,16404.25,16205.535714285714,16727.94642857143,-0.04905144419757285,session_end,179,2021-11-25 00:00:00-05:00,30,208.96428571428663,-0.05264057426080988,2022-01-01
16228.75,16331.25,15911.035714285714,16705.321428571428,0.3226169064748201,time,240,2021-12-07 00:00:00-05:00,30,317.7142857142857,0.32025629496402874,2022-01-01
16235.25,16330.5,15880.94642857143,16766.705357142855,0.26883725618668425,time,240,2021-12-23 00:00:00-05:00,30,354.3035714285713,0.2667204273978127,2022-01-01
16436.25,16542.5,16108.017857142857,16928.598214285714,0.32370382460149094,time,240,2021-12-27 00:00:00-05:00,30,328.2321428571426,0.32141885642783335,2022-01-01
16575.75,16473.0,16252.392857142857,17060.785714285714,-0.317760106030484,time,240,2021-12-28 00:00:00-05:00,30,323.3571428571426,-0.32007952286282326,2022-01-01
15967.250000000002,15881.0,15691.482142857145,16380.901785714288,-0.3127630641714756,time,240,2022-01-12 00:00:00-05:00,30,275.7678571428574,-0.31548274299035794,2023-01-01
14455.25,14514.25,14064.0,15042.125,0.15079872204472847,time,240,2022-01-26 00:00:00-05:00,30,391.2499999999999,0.14888178913738023,2023-01-01
14629.75,14772.25,14193.767857142857,15283.723214285714,0.32684824902723764,time,240,2022-01-31 00:00:00-05:00,30,435.9821428571425,0.325127995084989,2023-01-01
15096.25,15064.0,14645.0,15773.125,-0.07146814404432139,time,240,2022-02-02 00:00:00-05:00,30,451.2499999999996,-0.07313019390581724,2023-01-01
14502.0,14552.25,14074.25,15143.625,0.11747516072472239,time,240,2022-02-15 00:00:00-05:00,30,427.75,0.1157218001168907,2023-01-01
13979.25,14059.5,13563.357142857143,14603.089285714286,0.19295835122370114,time,240,2022-03-17 00:00:00-04:00,30,415.89285714285717,0.1911550021468441,2023-01-01
14151.75,14308.5,13739.589285714286,14769.99107142857,0.38031281140331874,time,240,2022-03-18 00:00:00-04:00,30,412.1607142857143,0.37849313287985786,2023-01-01
14468.25,14641.0,14053.07142857143,15091.017857142857,0.4160860215053763,time,240,2022-03-22 00:00:00-04:00,30,415.17857142857144,0.4142795698924731,2023-01-01
14887.0,14844.5,14505.839285714286,15458.74107142857,-0.11150152260482549,time,240,2022-03-28 00:00:00-04:00,30,381.1607142857143,-0.11346919653314594,2023-01-01
15152.5,15182.749999999998,14789.964285714286,15696.30357142857,0.0834400551669736,time,240,2022-03-29 00:00:00-04:00,30,362.5357142857143,0.08137129346861875,2023-01-01
15047.75,15109.25,14738.42857142857,15511.732142857143,0.19882230689296848,time,240,2022-04-04 00:00:00-04:00,30,309.32142857142856,0.19639764461378595,2023-01-01
14259.5,13998.75,13967.80357142857,14697.044642857143,-0.8939087848178753,time,240,2022-04-12 00:00:00-04:00,30,291.6964285714287,-0.8964799510254051,2023-01-01
14015.0,14155.5,13707.589285714286,14476.116071428572,0.45704327621260515,time,240,2022-04-19 00:00:00-04:00,30,307.4107142857144,0.45460354342143466,2023-01-01
13112.25,13131.5,12699.214285714286,13731.80357142857,0.046606139213143105,time,240,2022-05-03 00:00:00-04:00,30,413.0357142857143,0.04479031560743623,2023-01-01
12114.25,12316.75,11690.535714285714,12749.82142857143,0.4779163857046527,time,240,2022-05-26 00:00:00-04:00,30,423.7142857142857,0.4761463250168577,2023-01-01
12519.75,12579.5,12093.589285714286,13158.99107142857,0.14020532160067045,time,240,2022-05-27 00:00:00-04:00,30,426.1607142857143,0.13844542216635242,2023-01-01
12772.75,12809.75,12357.285714285714,13395.94642857143,0.08905699303704977,session_end,179,2022-05-30 00:00:00-04:00,30,415.4642857142857,0.08725178371873119,2023-01-01
12750.0,12667.5,12360.035714285714,13334.94642857143,-0.21155783496657202,time,240,2022-06-06 00:00:00-04:00,30,389.9642857142857,-0.21348108801172266,2023-01-01
11511.75,11588.75,11155.767857142857,12045.723214285714,0.21630298470027592,time,240,2022-06-15 00:00:00-04:00,30,355.98214285714283,0.2141961374467018,2023-01-01
11852.75,11828.75,11558.134615384615,12294.673076923076,-0.0814621409921671,time,240,2022-07-06 00:00:00-04:00,30,294.61538461538464,-0.08400783289817232,2023-01-01
11901.75,11972.5,11616.785714285714,12329.19642857143,0.2482767264068179,time,240,2022-07-15 00:00:00-04:00,30,284.9642857142857,0.2456448176463216,2023-01-01
12386.25,12430.5,12096.55357142857,12820.794642857143,0.15274610121432536,time,240,2022-07-27 00:00:00-04:00,30,289.69642857142856,0.15015718424459104,2023-01-01
12864.5,12917.25,12547.642857142857,13339.785714285714,0.16647880973850318,time,240,2022-07-29 00:00:00-04:00,30,316.85714285714283,0.16411181244364295,2023-01-01
13114.5,13255.0,12807.67857142857,13574.732142857143,0.45792108020020955,time,240,2022-08-03 00:00:00-04:00,30,306.82142857142856,0.45547666162262834,2023-01-01
13319.0,13370.75,13026.07142857143,13758.392857142857,0.17666422823701536,time,240,2022-08-10 00:00:00-04:00,30,292.92857142857144,0.17410387710314557,2023-01-01
13494.25,13378.75,13193.94642857143,13944.705357142857,-0.3846108104893857,time,240,2022-08-11 00:00:00-04:00,30,300.30357142857144,-0.38710828328477137,2023-01-01
13618.0,13654.5,13316.017857142857,14070.973214285714,0.12086807403465201,time,240,2022-08-15 00:00:00-04:00,30,301.98214285714283,0.11838448347229615,2023-01-01
13044.25,13075.25,12795.267857142857,13417.723214285714,0.12450692103564512,time,240,2022-08-25 00:00:00-04:00,30,248.98214285714286,0.1214946568170408,2023-01-01
12503.25,12582.25,12231.017857142857,12911.598214285714,0.29019350606756317,time,240,2022-09-09 00:00:00-04:00,30,272.23214285714283,0.28743850442768126,2023-01-01
12816.75,12819.5,12551.75,13214.25,0.010377358490566037,time,240,2022-09-12 00:00:00-04:00,30,265.0,0.007547169811320755,2023-01-01
11491.75,11306.5,11196.94642857143,11933.955357142857,-0.6283845175358895,time,240,2022-09-26 00:00:00-04:00,30,294.80357142857144,-0.6309285844085045,2023-01-01
11616.75,11610.75,11323.05357142857,12057.294642857143,-0.020429257615370587,time,240,2022-10-04 00:00:00-04:00,30,293.69642857142856,-0.02298291481729191,2023-01-01
11307.25,11240.25,10943.5,11852.875,-0.18419243986254297,time,240,2022-10-18 00:00:00-04:00,30,363.75,-0.18625429553264605,2023-01-01
11650.0,11657.0,11307.30357142857,12164.044642857143,0.02042624146735449,time,240,2022-10-25 00:00:00-04:00,30,342.69642857142856,0.018237715595852223,2023-01-01
11451.25,11503.75,11150.642857142857,11902.160714285714,0.17464654865153856,time,240,2022-11-10 00:00:00-05:00,30,300.60714285714283,0.17215159795651658,2023-01-01
12031.25,11856.25,11703.285714285714,12523.19642857143,-0.5335946858325166,time,240,2022-11-15 00:00:00-05:00,30,327.9642857142857,-0.5358815202003702,2023-01-01
11909.75,11910.25,11629.767857142857,12329.723214285714,0.001785828177817463,session_end,179,2022-11-24 00:00:00-05:00,30,279.98214285714283,-0.0008929140889087316,2023-01-01
11601.0,11641.25,11381.82142857143,11929.767857142857,0.18364021508880563,time,240,2022-12-08 00:00:00-05:00,30,219.17857142857142,0.18021834772690243,2023-01-01
11311.0,11296.5,11059.30357142857,11688.544642857143,-0.05760908123448031,time,240,2023-01-09 00:00:00-05:00,30,251.69642857142858,-0.06058886129833274,2024-01-01
11337.5,11408.75,11086.30357142857,11714.294642857143,0.28364256771166557,time,240,2023-01-11 00:00:00-05:00,30,251.19642857142858,0.2806568564725954,2024-01-01
11719.75,11495.25,11495.5,12056.125,-1.0011148272017838,stop,186,2023-01-18 00:00:00-05:00,30,224.25,-1.004459308807135,2024-01-01
11976.25,12018.0,11747.482142857143,12319.401785714286,0.18249941456560767,time,240,2023-01-26 00:00:00-05:00,30,228.76785714285714,0.1792209819686207,2024-01-01
12461.25,12559.25,12175.982142857143,12889.151785714286,0.3435367762128325,time,240,2023-02-13 00:00:00-05:00,30,285.26785714285717,0.34090766823161184,2024-01-01
12586.25,12576.75,12293.285714285714,13025.69642857143,-0.032427160794831156,time,240,2023-02-14 00:00:00-05:00,30,292.9642857142857,-0.0349871998049494,2024-01-01
12147.5,12129.25,11909.67857142857,12504.232142857143,-0.07673824898633429,time,240,2023-02-27 00:00:00-05:00,30,237.82142857142858,-0.07989187565700556,2024-01-01
12190.75,12262.75,11984.160714285714,12500.63392857143,0.34851759011150485,time,240,2023-03-03 00:00:00-05:00,30,206.58928571428572,0.34488719854784333,2024-01-01
12382.5,12357.0,12173.464285714286,12696.05357142857,-0.1219887237314198,time,240,2023-03-06 00:00:00-05:00,30,209.03571428571428,-0.1255766273705792,2024-01-01
12327.0,12132.767857142857,12133.017857142857,12617.973214285714,-1.0012887784221682,stop,219,2023-03-09 00:00:00-05:00,30,193.98214285714286,-1.0051551136886692,2024-01-01
12261.25,12247.25,12029.392857142857,12609.035714285714,-0.06038200862600123,time,240,2023-03-14 00:00:00-04:00,30,231.85714285714286,-0.06361675908810845,2024-01-01
12417.25,12651.25,12173.267857142857,12783.223214285714,0.9590865842055185,time,240,2023-03-16 00:00:00-04:00,30,243.98214285714286,0.9560125887433213,2024-01-01
12749.75,12693.0,12495.857142857143,13130.589285714286,-0.22351948234632157,time,240,2023-03-17 00:00:00-04:00,30,253.89285714285714,-0.22647348431565623,2024-01-01
12815.25,12785.25,12554.392857142857,13206.535714285714,-0.1150054764512596,time,240,2023-03-21 00:00:00-04:00,30,260.85714285714283,-0.11788061336254109,2024-01-01
12915.0,12906.0,12635.857142857143,13333.714285714286,-0.03224155578300921,time,240,2023-03-29 00:00:00-04:00,30,279.14285714285717,-0.03492835209825998,2024-01-01
13080.0,13032.0,12809.035714285714,13486.44642857143,-0.177145116646896,time,240,2023-03-30 00:00:00-04:00,30,270.9642857142857,-0.17991300909450375,2024-01-01
13281.0,13229.75,13042.660714285714,13638.50892857143,-0.2150295946654679,time,240,2023-04-04 00:00:00-04:00,30,238.33928571428572,-0.2181763692215479,2024-01-01
13191.0,13304.25,13008.25,13465.125,0.6196990424076607,time,240,2023-05-05 00:00:00-04:00,30,182.75,0.615595075239398,2024-01-01
13376.5,13314.25,13187.089285714286,13660.61607142857,-0.32865089092108984,time,240,2023-05-10 00:00:00-04:00,30,189.41071428571428,-0.33261054020929576,2024-01-01
13486.0,13541.5,13306.535714285714,13755.19642857143,0.30925373134328354,time,240,2023-05-16 00:00:00-04:00,30,179.46428571428572,0.3050746268656716,2024-01-01
13712.75,13763.0,13551.910714285714,13954.00892857143,0.3124236704785167,time,240,2023-05-18 00:00:00-04:00,30,160.83928571428572,0.3077606306206284,2024-01-01
14373.0,14404.5,14186.55357142857,14652.669642857143,0.16894933435494683,session_end,179,2023-05-29 00:00:00-04:00,30,186.44642857142858,0.16492673115601952,2024-01-01
14443.75,14349.25,14259.089285714286,14720.74107142857,-0.5117493472584856,time,240,2023-05-30 00:00:00-04:00,30,184.66071428571428,-0.5158108500145053,2024-01-01
14631.0,14433.392857142857,14433.642857142857,14927.035714285714,-1.0012667390517567,stop,117,2023-06-07 00:00:00-04:00,30,197.35714285714286,-1.0050669562070227,2024-01-01
14796.5,14891.0,14578.767857142857,15123.098214285714,0.43401951939637495,time,240,2023-06-12 00:00:00-04:00,30,217.73214285714286,0.4305749200360863,2024-01-01
15273.0,15328.25,15085.571428571428,15554.142857142859,0.29477896341463333,time,240,2023-07-07 00:00:00-04:00,30,187.42857142857196,0.29077743902438946,2024-01-01
15463.25,15451.0,15273.785714285714,15747.44642857143,-0.06465598491988658,time,240,2023-07-12 00:00:00-04:00,30,189.46428571428663,-0.06861451460885923,2024-01-01
15808.25,15751.499999999998,15614.767857142857,16098.473214285716,-0.2933087217351255,time,240,2023-07-14 00:00:00-04:00,30,193.48214285714388,-0.2971850484540918,2024-01-01
15663.25,15688.25,15449.071428571428,15984.517857142857,0.11672502918125714,time,240,2023-07-25 00:00:00-04:00,30,214.1785714285717,0.11322327830581942,2024-01-01
15422.499999999998,15198.482142857141,15198.732142857141,15758.151785714283,-1.001117229271407,stop,146,2023-08-10 00:00:00-04:00,30,223.76785714285688,-1.0044689170856278,2024-01-01
14913.25,14947.5,14685.42857142857,15254.982142857143,0.15033704342373394,time,240,2023-08-21 00:00:00-04:00,30,227.82142857142884,0.14704499137795873,2024-01-01
15093.75,15231.250000000002,14874.071428571428,15423.267857142857,0.6259144854495283,time,240,2023-08-23 00:00:00-04:00,30,219.67857142857156,0.6225004064379855,2024-01-01
15052.5,15011.75,14799.875,15431.4375,-0.1613062840178128,time,240,2023-08-28 00:00:00-04:00,30,252.62500000000026,-0.16427511133102407,2024-01-01
15465.25,15482.25,15210.75,15847.0,0.06679764243614925,time,240,2023-08-30 00:00:00-04:00,30,254.50000000000026,0.06385068762278973,2024-01-01
15567.0,15563.5,15323.821428571428,15931.767857142857,-0.014392715523571721,time,240,2023-08-31 00:00:00-04:00,30,243.17857142857181,-0.017476868850051376,2024-01-01
15032.5,14822.0,14800.67857142857,15380.232142857143,-0.9080264982283146,time,240,2023-09-29 00:00:00-04:00,30,231.82142857142895,-0.9112617470343537,2024-01-01
15240.5,15285.749999999998,14979.107142857143,15632.589285714286,0.17311108074872886,time,240,2023-10-10 00:00:00-04:00,30,261.3928571428577,0.17024183631642936,2024-01-01
14915.5,14981.75,14651.785714285714,15311.07142857143,0.25121885157096413,time,240,2023-11-02 00:00:00-04:00,30,263.71428571428584,0.24837486457204755,2024-01-01
15126.25,15184.999999999998,14865.30357142857,15517.669642857143,0.22514199685211078,time,240,2023-11-03 00:00:00-04:00,30,260.94642857142884,0.22226784370080716,2024-01-01
15298.000000000002,15404.0,15046.035714285716,15675.946428571431,0.42069454287738406,time,240,2023-11-07 00:00:00-05:00,30,251.9642857142861,0.4177179305457044,2024-01-01
15423.0,15327.0,15187.357142857143,15776.464285714286,-0.40739618066080585,time,240,2023-11-09 00:00:00-05:00,30,235.6428571428574,-0.4105789633222184,2024-01-01
15862.249999999998,15843.25,15630.267857142855,16210.223214285712,-0.08190285582325442,time,240,2023-11-14 00:00:00-05:00,30,231.98214285714286,-0.08513586328996214,2024-01-01
15996.25,16073.25,15793.875,16299.8125,0.3804817788758493,time,240,2023-11-20 00:00:00-05:00,30,202.375,0.37677578752316243,2024-01-01
16067.25,16093.499999999998,15869.910714285714,16363.25892857143,0.13301963623200597,time,240,2023-11-22 00:00:00-05:00,30,197.33928571428572,0.12921907519680553,2024-01-01
16373.75,16449.5,16201.392857142857,16632.285714285714,0.43949440530459943,time,240,2023-12-11 00:00:00-05:00,30,172.35714285714312,0.43514297554910836,2024-01-01
16467.75,16527.0,16281.910714285714,16746.508928571428,0.31882386855001393,time,240,2023-12-12 00:00:00-05:00,30,185.83928571428598,0.31478812337849477,2024-01-01
16611.0,16647.25,16425.267857142855,16889.598214285714,0.1951735410056721,time,240,2023-12-13 00:00:00-05:00,30,185.73214285714326,0.19113546774348578,2024-01-01
16981.25,16994.5,16765.089285714286,17305.491071428572,0.06129698471705892,time,240,2023-12-19 00:00:00-05:00,30,216.16071428571482,0.057827344072697094,2024-01-01
17115.75,17081.0,16912.23214285714,17421.026785714286,-0.17074668772483997,time,240,2023-12-27 00:00:00-05:00,30,203.51785714285703,-0.17443186803544802,2024-01-01
16628.75,16736.5,16456.85714285714,16886.589285714286,0.6268439642634531,time,240,2024-01-08 00:00:00-05:00,30,171.89285714285714,0.6224807812175358,2025-01-01
17027.75,17016.75,16826.035714285714,17330.321428571428,-0.05453257790368272,time,240,2024-01-18 00:00:00-05:00,30,201.71428571428572,-0.058250708215297445,2025-01-01
17590.75,17735.0,17382.928571428572,17902.48214285714,0.6941055164117546,time,240,2024-02-02 00:00:00-05:00,30,207.82142857142858,0.6904966489087472,2025-01-01
17940.5,18036.5,17737.01785714286,18245.723214285714,0.4717858709960509,time,240,2024-02-09 00:00:00-05:00,30,203.48214285714286,0.46810004387889426,2025-01-01
17922.5,18052.75,17704.23214285714,18249.901785714286,0.5967438435735908,time,240,2024-02-22 00:00:00-05:00,30,218.26785714285714,0.5933076986009981,2025-01-01
18134.25,18354.25,17910.39285714286,18470.035714285714,0.982769623484365,time,240,2024-03-01 00:00:00-05:00,30,223.85714285714286,0.9794192724952138,2025-01-01
18387.75,18148.98214285714,18149.23214285714,18745.526785714286,-1.0010481395523012,stop,129,2024-03-08 00:00:00-05:00,30,238.51785714285714,-1.0041925582091853,2025-01-01
18292.75,18402.75,18035.76785714286,18678.223214285714,0.42804530609408664,time,240,2024-03-12 00:00:00-04:00,30,256.98214285714283,0.4251268153707179,2025-01-01
18647.75,18621.0,18371.303571428572,19062.41964285714,-0.09676377494993864,time,240,2024-03-21 00:00:00-04:00,30,276.44642857142856,-0.09947677798591822,2025-01-01
18589.75,18542.75,18336.0,18970.375,-0.1852216748768473,time,240,2024-03-26 00:00:00-04:00,30,253.75,-0.18817733990147784,2025-01-01
18261.5,18437.0,18038.089285714286,18596.616071428572,0.7855487171289266,time,240,2024-04-11 00:00:00-04:00,30,223.41071428571428,0.7821916713292303,2025-01-01
17786.5,17873.75,17486.428571428572,18236.60714285714,0.29076410378481315,time,240,2024-04-26 00:00:00-04:00,30,300.07142857142856,0.28826469888121875,2025-01-01
18110.0,18131.25,17804.0,18569.0,0.06944444444444445,time,240,2024-05-06 00:00:00-04:00,30,306.0,0.06699346405228758,2025-01-01
18483.5,18680.5,18247.910714285714,18836.883928571428,0.8362010156901387,time,240,2024-05-15 00:00:00-04:00,30,235.58928571428572,0.833017509285227,2025-01-01
18709.25,18706.25,18477.535714285714,19056.821428571428,-0.012946979038224414,time,240,2024-05-16 00:00:00-04:00,30,231.71428571428572,-0.01618372379778052,2025-01-01
18750.0,18745.0,18535.660714285714,19071.508928571428,-0.02332750145796884,time,240,2024-05-20 00:00:00-04:00,30,214.33928571428572,-0.02682662667666417,2025-01-01
18824.0,18758.5,18641.5,19097.75,-0.3589041095890411,time,240,2024-05-22 00:00:00-04:00,30,182.5,-0.363013698630137,2025-01-01
18854.5,19016.0,18651.660714285714,19158.758928571428,0.7961968483141121,time,240,2024-06-05 00:00:00-04:00,30,202.83928571428572,0.79249933973061,2025-01-01
19491.25,19485.25,19263.339285714286,19833.116071428572,-0.026326098879573767,time,240,2024-06-12 00:00:00-04:00,30,227.91071428571428,-0.029616861239520488,2025-01-01
19955.0,20240.75,19728.428571428572,20294.85714285714,1.2611916771752836,time,240,2024-06-17 00:00:00-04:00,30,226.57142857142858,1.2578814627994954,2025-01-01
20060.0,20012.5,19843.51785714286,20384.723214285714,-0.21941763589870494,time,240,2024-06-27 00:00:00-04:00,30,216.48214285714286,-0.22288212488657924,2025-01-01
20148.5,20037.25,19932.01785714286,20473.223214285714,-0.5138991998680195,time,240,2024-06-28 00:00:00-04:00,30,216.48214285714286,-0.5173636888558938,2025-01-01
20275.5,20419.25,20047.589285714286,20617.366071428572,0.6307294523231215,session_end,194,2024-07-03 00:00:00-04:00,30,227.91071428571428,0.6274386899631748,2025-01-01
20514.75,20621.25,20289.51785714286,20852.598214285714,0.47284547688892414,time,240,2024-07-05 00:00:00-04:00,30,225.23214285714286,0.46951557916435427,2025-01-01
20749.75,20659.0,20547.946428571428,21052.45535714286,-0.4496947172816565,time,240,2024-07-09 00:00:00-04:00,30,201.80357142857142,-0.453411202548447,2025-01-01
19358.5,19240.5,18990.375,19910.6875,-0.32054329371816637,time,240,2024-07-29 00:00:00-04:00,30,368.125,-0.3225806451612903,2025-01-01
19391.0,19405.5,18995.25,19984.625,0.03663929248262792,time,240,2024-07-31 00:00:00-04:00,30,395.75,0.03474415666456096,2025-01-01
19641.5,19237.678571428572,19237.928571428572,20246.85714285714,-1.0006194690265462,stop,94,2024-08-01 00:00:00-04:00,30,403.57142857142856,-1.002477876106192,2025-01-01
18520.5,18122.5,18003.64285714286,19295.785714285714,-0.7700386954118297,time,240,2024-08-07 00:00:00-04:00,30,516.8571428571429,-0.7714897733554449,2025-01-01
18899.5,19052.75,18348.73214285714,19725.651785714286,0.27824790065817206,time,240,2024-08-13 00:00:00-04:00,30,550.7678571428571,0.2768861654184094,2025-01-01
19461.75,19579.0,18947.964285714286,20232.428571428572,0.2282079799805366,time,240,2024-08-15 00:00:00-04:00,30,513.7857142857143,0.22674822744334766,2025-01-01
19918.75,19808.0,19409.321428571428,20682.89285714286,-0.21740044868199662,time,240,2024-08-20 00:00:00-04:00,30,509.42857142857144,-0.21887268648345484,2025-01-01
19761.0,19670.25,19411.035714285714,20285.946428571428,-0.25931217471170526,time,240,2024-09-17 00:00:00-04:00,30,349.9642857142857,-0.26145525053576896,2025-01-01
20011.25,20198.0,19669.625,20523.6875,0.5466520307354555,time,240,2024-09-19 00:00:00-04:00,30,341.625,0.544456641053787,2025-01-01
20231.75,20199.75,19900.428571428572,20728.73214285714,-0.09658294707340735,time,240,2024-09-25 00:00:00-04:00,30,331.32142857142856,-0.09884660989544033,2025-01-01
20428.25,20282.5,20109.285714285714,20906.696428571428,-0.4569477102228194,time,240,2024-09-26 00:00:00-04:00,30,318.9642857142857,-0.4592990706527824,2025-01-01
20671.75,20602.5,20413.946428571428,21058.45535714286,-0.2686153633026252,time,240,2024-10-14 00:00:00-04:00,30,257.80357142857144,-0.2715245549629424,2025-01-01
20649.5,20518.5,20396.89285714286,21028.410714285714,-0.5185918280786088,time,240,2024-10-25 00:00:00-04:00,30,252.60714285714286,-0.521560865262265,2025-01-01
20292.25,20310.75,20032.01785714286,20682.598214285714,0.07109037260687573,time,240,2024-11-05 00:00:00-05:00,30,260.23214285714283,0.06820833047416455,2025-01-01
20675.75,20864.25,20407.339285714286,21078.366071428572,0.7022819506353536,time,240,2024-11-06 00:00:00-05:00,30,268.4107142857143,0.6994877253675736,2025-01-01
21109.25,21177.5,20815.125,21550.4375,0.23204419889502761,time,240,2024-11-07 00:00:00-05:00,30,294.125,0.2294942626434339,2025-01-01
20944.5,20850.25,20651.339285714286,21384.241071428572,-0.32149601023329477,time,240,2024-11-25 00:00:00-05:00,30,293.1607142857143,-0.3240543339221539,2025-01-01
20915.75,20991.0,20657.196428571428,21303.58035714286,0.2910421990468955,session_end,194,2024-11-29 00:00:00-05:00,30,258.55357142857144,0.2881414462324746,2025-01-01
21696.25,21796.25,21475.696428571428,22027.08035714286,0.4534045826248887,time,240,2024-12-11 00:00:00-05:00,30,220.55357142857142,0.450004048255202,2025-01-01
21880.75,21767.0,21658.071428571428,22214.76785714286,-0.5108259823576584,time,240,2024-12-13 00:00:00-05:00,30,222.67857142857142,-0.5141940657578188,2025-01-01
21971.75,22107.75,21751.625,22301.9375,0.6178307779670642,time,240,2024-12-16 00:00:00-05:00,30,220.125,0.6144236229415105,2025-01-01
21903.5,22046.25,21565.678571428572,22410.23214285714,0.4225605243683265,session_end,194,2024-12-24 00:00:00-05:00,30,337.82142857142856,0.4203404165345174,2025-01-01
21328.25,21380.0,20959.846153846152,21880.85576923077,0.14047084616589237,time,240,2025-01-15 00:00:00-05:00,30,368.40384615384613,0.13843503680116928,2026-01-01
22014.0,22022.25,21655.865384615383,22551.201923076922,0.023036030714707622,time,240,2025-01-22 00:00:00-05:00,30,358.13461538461536,0.020941846104279658,2026-01-01
21867.5,21746.75,21514.535714285714,22396.946428571428,-0.34210260042497215,time,240,2025-01-31 00:00:00-05:00,30,352.9642857142857,-0.34422746129717696,2026-01-01
21561.25,21616.0,21192.053571428572,22115.04464285714,0.1482950423216445,time,240,2025-02-04 00:00:00-05:00,30,369.19642857142856,0.14626360338573158,2026-01-01
21919.75,22038.0,21569.625,22444.9375,0.3377365226704748,time,285,2025-02-13 00:00:00-05:00,30,350.125,0.3355944305605141,2026-01-01
20414.5,20417.0,19937.85714285714,21129.464285714286,0.005245017233628053,time,240,2025-03-25 00:00:00-04:00,30,476.64285714285717,0.003671512063539637,2026-01-01
18253.75,18222.75,17327.696428571428,19642.83035714286,-0.03347538517904317,time,240,2025-04-22 00:00:00-04:00,30,926.0535714285714,-0.034285273530149055,2026-01-01
19074.25,18931.25,18133.26785714286,20485.723214285714,-0.15196887750260935,time,240,2025-04-23 00:00:00-04:00,30,940.9821428571429,-0.15276591706993073,2026-01-01
20090.75,20256.5,19645.089285714286,20759.241071428572,0.37191970188724605,time,240,2025-05-08 00:00:00-04:00,30,445.6607142857143,0.3702368073085707,2026-01-01
21125.25,21288.0,20686.85714285714,21782.839285714286,0.3712423625254582,time,240,2025-05-13 00:00:00-04:00,30,438.39285714285717,0.3695315682281059,2026-01-01
21594.75,21716.5,21298.071428571428,22039.76785714286,0.41037679065848076,time,240,2025-06-03 00:00:00-04:00,30,296.67857142857144,0.40784880221499936,2026-01-01
22152.25,22165.5,21876.946428571428,22565.20535714286,0.04812868910942466,time,240,2025-06-16 00:00:00-04:00,30,275.30357142857144,0.04540442368813647,2026-01-01
22523.0,22404.5,22209.660714285714,22993.008928571428,-0.3781843050094033,time,240,2025-06-25 00:00:00-04:00,30,313.3392857142857,-0.38057787656009573,2026-01-01
22764.75,22726.75,22474.803571428572,23199.66964285714,-0.13105869310833282,time,240,2025-06-27 00:00:00-04:00,30,289.94642857142856,-0.13364537784073413,2026-01-01
22827.0,22830.25,22530.964285714286,23271.053571428572,0.010978405115212933,time,240,2025-06-30 00:00:00-04:00,30,296.0357142857143,0.008444927011702255,2026-01-01
22996.25,23058.75,22700.73214285714,23439.526785714286,0.21149314157955162,session_end,194,2025-07-03 00:00:00-04:00,30,295.51785714285717,0.208955223880597,2026-01-01
23376.0,23411.0,23173.035714285714,23680.446428571428,0.17244413162062291,time,240,2025-07-21 00:00:00-04:00,30,202.96428571428572,0.1687489002287524,2026-01-01
23363.75,23387.0,23170.339285714286,23653.866071428572,0.12021050687840458,time,240,2025-07-24 00:00:00-04:00,30,193.41071428571428,0.11633274859200443,2026-01-01
23520.5,23456.25,23334.035714285714,23800.196428571428,-0.34457000574602564,time,240,2025-07-28 00:00:00-04:00,30,186.46428571428572,-0.34859222371193255,2026-01-01
23247.0,23273.5,23011.821428571428,23599.76785714286,0.11268033409263478,time,240,2025-08-04 00:00:00-04:00,30,235.17857142857142,0.10949126803340926,2026-01-01
23654.25,23393.39285714286,23393.64285714286,24045.160714285714,-1.0009592983417783,stop,166,2025-08-07 00:00:00-04:00,30,260.60714285714283,-1.0038371933671313,2026-01-01
23745.0,23687.25,23468.23214285714,24160.151785714286,-0.20865862313697656,time,240,2025-08-11 00:00:00-04:00,30,276.76785714285717,-0.2113684753855087,2026-01-01
23931.0,23893.25,23678.76785714286,24309.348214285714,-0.1496637168141593,time,240,2025-09-10 00:00:00-04:00,30,252.23214285714286,-0.15263716814159292,2026-01-01
24503.0,24523.75,24272.35714285714,24848.964285714286,0.08996593372561165,time,240,2025-09-15 00:00:00-04:00,30,230.64285714285714,0.08671415298854135,2026-01-01
24697.0,24733.75,24446.214285714286,25073.178571428572,0.1465394474508687,time,240,2025-09-18 00:00:00-04:00,30,250.78571428571428,0.14354884648248362,2026-01-01
24707.75,24700.5,24475.946428571428,25055.45535714286,-0.03127648101070796,time,240,2025-09-26 00:00:00-04:00,30,231.80357142857142,-0.034511979046298435,2026-01-01
25063.75,25088.75,24810.589285714286,25443.491071428572,0.09875149890667984,time,240,2025-10-02 00:00:00-04:00,30,253.16071428571428,0.09578895393947943,2026-01-01
25355.75,25110.553571428572,25110.803571428572,25723.16964285714,-1.0010206313333776,stop,60,2025-10-10 00:00:00-04:00,30,244.94642857142858,-1.0040825253335235,2026-01-01
25014.0,24670.339285714286,24670.589285714286,25529.116071428572,-1.0007279912641034,stop,195,2025-10-15 00:00:00-04:00,30,343.4107142857143,-1.0029119650564178,2026-01-01
25513.0,25546.75,25101.625,26130.0625,0.0820419325432999,time,240,2025-10-24 00:00:00-04:00,30,411.375,0.08021877848678213,2026-01-01
25849.25,25924.0,25433.464285714286,26472.928571428572,0.17978010651090878,time,240,2025-10-27 00:00:00-04:00,30,415.7857142857143,0.17797629273320736,2026-01-01
26065.25,26154.25,25635.75,26709.5,0.20721769499417927,time,240,2025-10-28 00:00:00-04:00,30,429.5,0.20547147846332944,2026-01-01
26319.25,26265.25,25891.76785714286,26960.473214285714,-0.12632106604285895,time,240,2025-10-29 00:00:00-04:00,30,427.48214285714283,-0.1280755252934542,2026-01-01
25637.5,25658.0,25257.39285714286,26207.660714285714,0.0539321619844029,time,240,2025-11-10 00:00:00-05:00,30,380.10714285714283,0.05195903410692474,2026-01-01
24894.25,24670.25,24429.196428571428,25591.83035714286,-0.4816649387551357,time,240,2025-11-19 00:00:00-05:00,30,465.05357142857144,-0.48327765618400337,2026-01-01
25275.25,24805.035714285714,24805.285714285714,25980.196428571428,-1.0005319553157546,stop,98,2025-11-20 00:00:00-05:00,30,469.9642857142857,-1.002127821263015,2026-01-01
24683.25,24933.5,24121.839285714286,25525.366071428572,0.44575209135150606,time,240,2025-11-24 00:00:00-05:00,30,561.4107142857143,0.4444161709978052,2026-01-01
25598.75,25567.25,25098.375,26349.3125,-0.06295278541094179,time,240,2025-12-02 00:00:00-05:00,30,500.375,-0.06445166125405945,2026-01-01
25558.75,25558.5,25208.375,26084.3125,-0.0007135212272565109,time,240,2025-12-19 00:00:00-05:00,30,350.375,-0.0028540849090260435,2026-01-01
